<?xml version="1.0" encoding="utf-8"?>
<odoo>
    <data noupdate="1">
        <record id="onchange_cron" model="ir.cron">
            <field name="name">Onchange Cron Job</field>
            <field name="active" eval="True" />
            <field name="user_id" ref="base.user_root" />
            <field name="interval_number">1</field>
            <field name="interval_type">days</field>
            <field name="numbercall">-1</field>
            <field name="doall">1</field>
            <field name="model" eval="'tai.san'" />
            <field name="function" eval="'onchang_time'" />
            <field name="args" eval="" />
        </record>
    </data>
</odoo>